[
  {
    "Region": "Protection",
    "Function": "InitialActions",
    "Arg": {
      "Zero": {
        "Tag": "Warning",
        "ToolTip": "Obligatorische Kontrollen. Um die Warnung bei der Einrichtung der Voreinstellungsdatei zu deaktivieren, löschen Sie das Argument \"-Warning\"."
      },
      "One": {
        "Tag": "",
        "ToolTip": "Obligatorische Kontrollen. Keine Warnmeldung, wenn eine voreingestellte Datei eingestellt wurde."
      }
    }
  },
  {
    "Region": "Protection",
    "Function": "Logging",
    "Arg": {
      "Zero": {
        "Tag": "",
        "ToolTip": "Aktiviert die Protokollierung der Skriptoperationen. Das Protokoll wird in den Skriptordner geschrieben. Um die Protokollierung zu beenden, schließen Sie die Konsole oder geben Sie \"Stop-Transcript\" ein."
      }
    }
  },
  {
    "Region": "Protection",
    "Function": "CreateRestorePoint",
    "Arg": {
      "Zero": {
        "Tag": "",
        "ToolTip": "Erstellt einen Wiederherstellungspunkt."
      }
    }
  },
  {
    "Region": "Privacy & Telemetry",
    "Function": "DiagTrackService",
    "Arg": {
      "Zero": {
        "Tag": "Disable",
        "ToolTip": "Deaktiviert den Dienst \"Connected User Experiences and Telemetry\" (DiagTrack), und blockiert die Verbindung für den ausgehenden Verkehr des Unified Telemetry Client. Das Deaktivieren des Dienstes \"Benutzererfahrungen und Telemetrie im verbundenen Modus\" (DiagTrack) kann dazu führen, dass Sie keine Xbox-Erfolge mehr erhalten können, wirkt sich auf Feedback Hub aus, wirkt sich auf Feedback Hub aus."
      },
      "One": {
        "Tag": "Enable",
        "ToolTip": "Aktivieren Sie den Dienst \"Connected User Experiences and Telemetry\" (DiagTrack), und erlauben Sie die Verbindung für den ausgehenden Datenverkehr des Unified Telemetry Client (Standardeinstellung)."
      }
    }
  },
  {
    "Region": "Privacy & Telemetry",
    "Function": "DiagnosticDataLevel",
    "Arg": {
      "Zero": {
        "Tag": "Minimal",
        "ToolTip": "Setzt die Diagnosedatenerfassung auf ein Minimum."
      },
      "One": {
        "Tag": "Default",
        "ToolTip": "Setzt die Diagnosedatenerfassung auf Standard (Standardeinstellung)."
      }
    }
  },
  {
    "Region": "Privacy & Telemetry",
    "Function": "ErrorReporting",
    "Arg": {
      "Zero": {
        "Tag": "Disable",
        "ToolTip": "Deaktiviert die Windows-Fehlerberichterstattung."
      },
      "One": {
        "Tag": "Enable",
        "ToolTip": "Aktiviert die Windows-Fehlerberichterstattung (Standardeinstellung)."
      }
    }
  },
  {
    "Region": "Privacy & Telemetry",
    "Function": "FeedbackFrequency",
    "Arg": {
      "Zero": {
        "Tag": "Never",
        "ToolTip": "Ändert die Feedbackfrequenz auf \"Nie\"."
      },
      "One": {
        "Tag": "Automatically",
        "ToolTip": "Ändert die Rückmeldefrequenz auf \"Automatisch\" (Standardeinstellung)."
      }
    }
  },
  {
    "Region": "Privacy & Telemetry",
    "Function": "ScheduledTasks",
    "Arg": {
      "Zero": {
        "Tag": "Disable",
        "ToolTip": "Deaktiviert die geplanten Aufgaben zur Diagnoseverfolgung."
      },
      "One": {
        "Tag": "Enable",
        "ToolTip": "Aktiviert die Diagnoseverfolgung für geplante Aufgaben (Standardeinstellung)."
      }
    }
  },
  {
    "Region": "Privacy & Telemetry",
    "Function": "SigninInfo",
    "Arg": {
      "Zero": {
        "Tag": "Disable",
        "ToolTip": "Verwendet keine Anmeldeinformationen, um die Einrichtung des Geräts nach einer Aktualisierung automatisch abzuschließen."
      },
      "One": {
        "Tag": "Enable",
        "ToolTip": "Verwendet Anmeldeinformationen, um die Einrichtung des Geräts nach einer Aktualisierung automatisch abzuschließen (Standardeinstellung)."
      }
    }
  },
  {
    "Region": "Privacy & Telemetry",
    "Function": "LanguageListAccess",
    "Arg": {
      "Zero": {
        "Tag": "Disable",
        "ToolTip": "Erlaubt Webseiten nicht, lokal relevante Inhalte durch Zugriff auf die Sprachliste bereitzustellen."
      },
      "One": {
        "Tag": "Enable",
        "ToolTip": "Erlaubt Webseiten, lokale Informationen durch Zugriff auf die Sprachliste bereitzustellen (Standardeinstellung)."
      }
    }
  },
  {
    "Region": "Privacy & Telemetry",
    "Function": "AdvertisingID",
    "Arg": {
      "Zero": {
        "Tag": "Disable",
        "ToolTip": "Erlaubt Apps nicht die Verwendung von Werbe-IDs."
      },
      "One": {
        "Tag": "Enable",
        "ToolTip": "Erlaubt Apps die Verwendung von Werbe-IDs (Standardeinstellung)."
      }
    }
  },
  {
    "Region": "Privacy & Telemetry",
    "Function": "WindowsWelcomeExperience",
    "Arg": {
      "Zero": {
        "Tag": "Hide",
        "ToolTip": "Blendet Windows-Willkommenserfahrungen nach Updates und gelegentlich bei der Anmeldung aus, um die neuen und vorgeschlagenen Funktionen hervorzuheben."
      },
      "One": {
        "Tag": "Show",
        "ToolTip": "Zeigt Windows-Willkommenserfahrungen nach Updates und gelegentlich bei der Anmeldung an, um hervorzuheben, was neu ist und vorgeschlagen wird (Standardeinstellung)."
      }
    }
  },
  {
    "Region": "Privacy & Telemetry",
    "Function": "WindowsTips",
    "Arg": {
      "Zero": {
        "Tag": "Enable",
        "ToolTip": "Erhält Tipps, Hinweise und Ratschläge zur Verwendung von Windows (Standardeinstellung)."
      },
      "One": {
        "Tag": "Disable",
        "ToolTip": "Erhält keine Tipps, Hinweise und Ratschläge zur Verwendung von Windows."
      }
    }
  },
  {
    "Region": "Privacy & Telemetry",
    "Function": "SettingsSuggestedContent",
    "Arg": {
      "Zero": {
        "Tag": "Hide",
        "ToolTip": "Blendet vorgeschlagene Inhalte in der Einstellungs-App aus."
      },
      "One": {
        "Tag": "Show",
        "ToolTip": "Zeigt vorgeschlagene Inhalte in der Einstellungs-App an (Standardeinstellung)."
      }
    }
  },
  {
    "Region": "Privacy & Telemetry",
    "Function": "AppsSilentInstalling",
    "Arg": {
      "Zero": {
        "Tag": "Disable",
        "ToolTip": "Deaktiviert die automatische Installation der empfohlenen Apps."
      },
      "One": {
        "Tag": "Enable",
        "ToolTip": "Aktiviert die automatische Installation der empfohlenen Apps (Standardeinstellung)."
      }
    }
  },
  {
    "Region": "Privacy & Telemetry",
    "Function": "WhatsNewInWindows",
    "Arg": {
      "Zero": {
        "Tag": "Disable",
        "ToolTip": "Erhält keine Vorschläge, wie das Gerät fertig eingerichtet werden kann, um Windows optimal zu nutzen."
      },
      "One": {
        "Tag": "Enable",
        "ToolTip": "Erhält Vorschläge, wie das Gerät fertig eingerichtet werden kann, um Windows optimal zu nutzen (Standardeinstellung)."
      }
    }
  },
  {
    "Region": "Privacy & Telemetry",
    "Function": "TailoredExperiences",
    "Arg": {
      "Zero": {
        "Tag": "Disable",
        "ToolTip": "Erlaubt Microsoft nicht, auf Grundlage der gewählten Einstellung für Diagnosedaten maßgeschneiderte Erfahrungen anzubieten."
      },
      "One": {
        "Tag": "Enable",
        "ToolTip": "Erlaubt Microsoft, auf Grundlage der gewählten Einstellung für Diagnosedaten maßgeschneiderte Erfahrungen anzubieten (Standardeinstellung)."
      }
    }
  },
  {
    "Region": "Privacy & Telemetry",
    "Function": "BingSearch",
    "Arg": {
      "Zero": {
        "Tag": "Disable",
        "ToolTip": "Deaktiviert die Bing-Suche im Startmenü."
      },
      "One": {
        "Tag": "Enable",
        "ToolTip": "Aktiviert die Bing-Suche im Startmenü (Standardeinstellung)."
      }
    }
  },
  {
    "Region": "Privacy & Telemetry",
    "Function": "StartRecommendationsTips",
    "Arg": {
      "Zero": {
        "Tag": "Hide",
        "ToolTip": "Zeigen Sie im Startmenü keine Empfehlungen für Tipps, Verknüpfungen, neue Anwendungen und mehr an."
      },
      "One": {
        "Tag": "Show",
        "ToolTip": "Anzeigen von Empfehlungen für Tipps, Verknüpfungen, neue Anwendungen und mehr im Startmenü (Standardeinstellung)."
      }
    }
  },
  {
    "Region": "Privacy & Telemetry",
    "Function": "StartAccountNotifications",
    "Arg": {
      "Zero": {
        "Tag": "Hide",
        "ToolTip": "Keine Microsoft-Konto-Benachrichtigungen im Startmenü im Startmenü anzeigen."
      },
      "One": {
        "Tag": "Show",
        "ToolTip": "Anzeigen von Microsoft-Konto-Benachrichtigungen im Startmenü im Startmenü (Standardeinstellung)."
      }
    }
  },
  {
    "Region": "UI & Personalization",
    "Function": "ThisPC",
    "Arg": {
      "Zero": {
        "Tag": "Show",
        "ToolTip": "Zeigt das Symbol \"Dieser PC\" auf dem Desktop an."
      },
      "One": {
        "Tag": "Hide",
        "ToolTip": "Blendet das Symbol \"Dieser PC\" auf dem Desktop aus (Standardeinstellung)."
      }
    }
  },
  {
    "Region": "UI & Personalization",
    "Function": "CheckBoxes",
    "Arg": {
      "Zero": {
        "Tag": "Disable",
        "ToolTip": "Verwendet keine Kontrollkästchen für Elemente."
      },
      "One": {
        "Tag": "Enable",
        "ToolTip": "Verwendet Kontrollkästchen (Standardeinstellung)."
      }
    }
  },
  {
    "Region": "UI & Personalization",
    "Function": "HiddenItems",
    "Arg": {
      "Zero": {
        "Tag": "Enable",
        "ToolTip": "Zeigt versteckte Dateien, Ordner und Laufwerke an."
      },
      "One": {
        "Tag": "Disable",
        "ToolTip": "Zeigt versteckte Dateien, Ordner und Laufwerke nicht an (Standardeinstellung)."
      }
    }
  },
  {
    "Region": "UI & Personalization",
    "Function": "FileExtensions",
    "Arg": {
      "Zero": {
        "Tag": "Show",
        "ToolTip": "Zeigt Dateinamenerweiterungen an."
      },
      "One": {
        "Tag": "Hide",
        "ToolTip": "Blendet Dateinamenerweiterungen aus (Standardeinstellung)."
      }
    }
  },
  {
    "Region": "UI & Personalization",
    "Function": "MergeConflicts",
    "Arg": {
      "Zero": {
        "Tag": "Show",
        "ToolTip": "Zeigt Konflikte beim Zusammenführen von Ordnern an."
      },
      "One": {
        "Tag": "Hide",
        "ToolTip": "Blendet Konflikte beim Zusammenführen von Ordnern aus (Standardeinstellung)."
      }
    }
  },
  {
    "Region": "UI & Personalization",
    "Function": "OpenFileExplorerTo",
    "Arg": {
      "Zero": {
        "Tag": "ThisPC",
        "ToolTip": "Öffnet den Datei-Explorer mit \"Dieser PC\"."
      },
      "One": {
        "Tag": "QuickAccess",
        "ToolTip": "Öffnet den Datei-Explorer mit Schnellzugriff (Standardeinstellung)."
      }
    }
  },
  {
    "Region": "UI & Personalization",
    "Function": "FileExplorerCompactMode",
    "Arg": {
      "Zero": {
        "Tag": "Disable",
        "ToolTip": "Deaktiviert den Kompaktmodus des Datei-Explorers (Standardeinstellung)."
      },
      "One": {
        "Tag": "Enable",
        "ToolTip": "Aktiviert den Kompaktmodus des Datei-Explorers."
      }
    }
  },
  {
    "Region": "UI & Personalization",
    "Function": "OneDriveFileExplorerAd",
    "Arg": {
      "Zero": {
        "Tag": "Hide",
        "ToolTip": "Zeigt keine Synchronisationsanbieter-Benachrichtigungen im Explorer an."
      },
      "One": {
        "Tag": "Show",
        "ToolTip": "Zeigt Synchronisationsanbieter-Benachrichtigungen im Explorer an (Standardeinstellung)."
      }
    }
  },
  {
    "Region": "UI & Personalization",
    "Function": "SnapAssist",
    "Arg": {
      "Zero": {
        "Tag": "Disable",
        "ToolTip": "Zeigt beim Anbringen eines Fensters nicht an, was daneben angebracht werden kann."
      },
      "One": {
        "Tag": "Enable",
        "ToolTip": "Zeigt beim Anbringen eines Fensters an, was daneben angebracht werden kann (Standardeinstellung)."
      }
    }
  },
  {
    "Region": "UI & Personalization",
    "Function": "FileTransferDialog",
    "Arg": {
      "Zero": {
        "Tag": "Detailed",
        "ToolTip": "Zeigt das Dialogfeld für die Dateiübertragung im detaillierten Modus an."
      },
      "One": {
        "Tag": "Compact",
        "ToolTip": "Zeigt das Dialogfeld für die Dateiübertragung im Kompaktmodus an (Standardeinstellung)."
      }
    }
  },
  {
    "Region": "UI & Personalization",
    "Function": "RecycleBinDeleteConfirmation",
    "Arg": {
      "Zero": {
        "Tag": "Enable",
        "ToolTip": "Zeigt eine Bestätigung beim Löschen von Dateien aus dem Papierkorb an."
      },
      "One": {
        "Tag": "Disable",
        "ToolTip": "Zeigt keine Bestätigung beim Löschen von Dateien aus dem Papierkorb an (Standardeinstellung)."
      }
    }
  },
  {
    "Region": "UI & Personalization",
    "Function": "QuickAccessRecentFiles",
    "Arg": {
      "Zero": {
        "Tag": "Hide",
        "ToolTip": "Blendet zuletzt verwendete Dateien im Schnellzugriff aus."
      },
      "One": {
        "Tag": "Show",
        "ToolTip": "Zeigt zuletzt verwendete Dateien im Schnellzugriff an (Standardeinstellung)."
      }
    }
  },
  {
    "Region": "UI & Personalization",
    "Function": "QuickAccessFrequentFolders",
    "Arg": {
      "Zero": {
        "Tag": "Hide",
        "ToolTip": "Blendet häufig verwendete Ordner im Schnellzugriff aus."
      },
      "One": {
        "Tag": "Show",
        "ToolTip": "Zeigt häufig verwendete Ordner im Schnellzugriff an (Standardeinstellung)."
      }
    }
  },
  {
    "Region": "UI & Personalization",
    "Function": "TaskbarAlignment",
    "Arg": {
      "Zero": {
        "Tag": "Left",
        "ToolTip": "Stellt die Ausrichtung der Taskleiste auf links ein."
      },
      "One": {
        "Tag": "Center",
        "ToolTip": "Stellt die Ausrichtung der Taskleiste auf die Mitte ein (Standardeinstellung)."
      }
    }
  },
  {
    "Region": "UI & Personalization",
    "Function": "TaskbarWidgets",
    "Arg": {
      "Zero": {
        "Tag": "Hide",
        "ToolTip": "Blendet das Widgets-Symbol in der Taskleiste aus."
      },
      "One": {
        "Tag": "Show",
        "ToolTip": "Zeigt das Widgets-Symbol in der Taskleiste an (Standardeinstellung)."
      }
    }
  },
  {
    "Region": "UI & Personalization",
    "Function": "TaskbarSearch",
    "Arg": {
      "Zero": {
        "Tag": "Hide",
        "ToolTip": "Blendet die Suchschaltfläche in der Taskleiste aus."
      },
      "One": {
        "Tag": "SearchIcon",
        "ToolTip": "Zeigt das Suchsymbol in der Taskleiste an."
      },
      "Two": {
        "Tag": "SearchIconLabel",
        "ToolTip": "Zeigt das Suchsymbol und das Label in der Taskleiste an."
      },
      "Three": {
        "Tag": "SearchBox",
        "ToolTip": "Zeigt das Suchfeld in der Taskleiste an (Standardeinstellung)."
      }
    }
  },
  {
    "Region": "UI & Personalization",
    "Function": "SearchHighlights",
    "Arg": {
      "Zero": {
        "Tag": "Hide",
        "ToolTip": "Suchhighlights ausblenden."
      },
      "One": {
        "Tag": "Show",
        "ToolTip": "Suchhighlights anzeigen (Standardeinstellung)."
      }
    }
  },
  {
    "Region": "UI & Personalization",
    "Function": "TaskViewButton",
    "Arg": {
      "Zero": {
        "Tag": "Hide",
        "ToolTip": "Blendet die Schaltfläche \"Aufgabenansicht\" in der Taskleiste aus."
      },
      "One": {
        "Tag": "Show",
        "ToolTip": "Zeigt die Schaltfläche \"Aufgabenansicht\" in der Taskleiste an (Standardeinstellung)."
      }
    }
  },
  {
    "Region": "UI & Personalization",
    "Function": "SecondsInSystemClock",
    "Arg": {
      "Zero": {
        "Tag": "Show",
        "ToolTip": "Zeigt Sekunden auf der Taskleistenuhr an."
      },
      "One": {
        "Tag": "Hide",
        "ToolTip": "Blendet Sekunden auf der Taskleistenuhr aus (Standardeinstellung)."
      }
    }
  },
  {
    "Region": "UI & Personalization",
    "Function": "TaskbarCombine",
    "Arg": {
      "Zero": {
        "Tag": "Always",
        "ToolTip": "Kombinieren Sie Schaltflächen in der Taskleiste und blenden Sie Beschriftungen immer aus (Standardeinstellung)."
      },
      "One": {
        "Tag": "Full",
        "ToolTip": "Taskleistenschaltflächen zusammenfassen und Beschriftungen ausblenden, wenn die Taskleiste voll ist.."
      },
      "Two": {
        "Tag": "Never",
        "ToolTip": "Kombinieren Sie die Schaltflächen der Taskleiste und blenden Sie die Beschriftungen nicht aus.."
      }
    }
  },
  {
    "Region": "UI & Personalization",
    "Function": "UnpinTaskbarShortcuts -Shortcuts",
    "ToolTip": "Die Verknüpfungen \"Microsoft Edge\", \"Microsoft Store\" oder \"Mail\" von der Taskleiste lösen.",
    "Arg": {
      "Zero": {
        "Tag": "Edge",
        "ToolTip": "Die Verknüpfung \"Microsoft Edge\" von der Taskleiste lösen."
      },
      "One": {
        "Tag": "Store",
        "ToolTip": "Die Verknüpfung \"Microsoft Store\" von der Taskleiste lösen."
      }
    }
  },
  {
    "Region": "UI & Personalization",
    "Function": "TaskbarEndTask",
    "Arg": {
      "Zero": {
        "Tag": "Enable",
        "ToolTip": "\"Task beenden\" in Taskleiste durch Rechtsklick aktivieren."
      },
      "One": {
        "Tag": "Disable",
        "ToolTip": "\"Task beenden\" in Taskleiste durch Rechtsklick deaktivieren (Standardeinstellung)."
      }
    }
  },
  {
    "Region": "UI & Personalization",
    "Function": "ControlPanelView",
    "Arg": {
      "Zero": {
        "Tag": "LargeIcons",
        "ToolTip": "Anzeigen der Symbole der Systemsteuerung durch \"Große Symbole\"."
      },
      "One": {
        "Tag": "SmallIcons",
        "ToolTip": "Anzeige der Symbole der Systemsteuerung durch \"Kleine Symbole\"."
      },
      "Two": {
        "Tag": "Category",
        "ToolTip": "Anzeigen der Symbole der Systemsteuerung nach \"Kategorie\" (Standardeinstellung)."
      }
    }
  },
  {
    "Region": "UI & Personalization",
    "Function": "WindowsColorMode",
    "Arg": {
      "Zero": {
        "Tag": "Dark",
        "ToolTip": "Den Windows-Standard-Farbmodus auf dunkel einstellen."
      },
      "One": {
        "Tag": "Light",
        "ToolTip": "Den Windows-Standard-Farbmodus auf hell setzen (Standardeinstellung)."
      }
    }
  },
  {
    "Region": "UI & Personalization",
    "Function": "AppColorMode",
    "Arg": {
      "Zero": {
        "Tag": "Dark",
        "ToolTip": "Den Standardfarbmodus der Anwendung auf dunkel einstellen."
      },
      "One": {
        "Tag": "Light",
        "ToolTip": "Den Standard-Anwendungsfarbmodus auf Hell setzen (Standardeinstellung)."
      }
    }
  },
  {
    "Region": "UI & Personalization",
    "Function": "FirstLogonAnimation",
    "Arg": {
      "Zero": {
        "Tag": "Disable",
        "ToolTip": "Animation zur Erstanmeldung nach dem Upgrade ausblenden."
      },
      "One": {
        "Tag": "Enable",
        "ToolTip": "Animation zur ersten Anmeldung des Benutzers nach dem Upgrade anzeigen (Standardeinstellung)."
      }
    }
  },
  {
    "Region": "UI & Personalization",
    "Function": "JPEGWallpapersQuality",
    "Arg": {
      "Zero": {
        "Tag": "Max",
        "ToolTip": "Setzt den Qualitätsfaktor der JPEG-Desktop-Hintergründe auf Maximum."
      },
      "One": {
        "Tag": "Default",
        "ToolTip": "Setzt den Qualitätsfaktor der JPEG-Desktop-Hintergründe auf Standard (Standardeinstellung)."
      }
    }
  },
  {
    "Region": "UI & Personalization",
    "Function": "ShortcutsSuffix",
    "Arg": {
      "Zero": {
        "Tag": "Disable",
        "ToolTip": "Das Suffix \"-Verknüpfung\" nicht an den Dateinamen der erstellten Verknüpfungen anhängen."
      },
      "One": {
        "Tag": "Enable",
        "ToolTip": "Das Suffix \"-Verknüpfung\" an den Dateinamen der erstellten Verknüpfungen anhängen (Standardeinstellung)."
      }
    }
  },
  {
    "Region": "UI & Personalization",
    "Function": "PrtScnSnippingTool",
    "Arg": {
      "Zero": {
        "Tag": "Enable",
        "ToolTip": "Verwenden der Schaltfläche Bildschirm drucken(druck s-abf), um das Snipping Tool zu starten."
      },
      "One": {
        "Tag": "Disable",
        "ToolTip": "Die Schaltfläche Bildschirm drucken(druck s-abf) nicht zum Öffnen vom Snipping Tool verwenden (Standardeinstellung)."
      }
    }
  },
  {
    "Region": "UI & Personalization",
    "Function": "AppsLanguageSwitch",
    "Arg": {
      "Zero": {
        "Tag": "Disable",
        "ToolTip": "Verwendet nicht für jedes Anwendungsfenster eine andere Eingabemethode (Standardeinstellung)."
      },
      "One": {
        "Tag": "Enable",
        "ToolTip": "Erlaubt die Verwendung einer anderen Eingabemethode für jedes Anwendungsfenster."
      }
    }
  },
  {
    "Region": "UI & Personalization",
    "Function": "AeroShaking",
    "Arg": {
      "Zero": {
        "Tag": "Enable",
        "ToolTip": "Minimiert nicht alle anderen Fenster, wenn die Titelleiste eines Fensters gegriffen und geschüttelt wird (Standardeinstellung)."
      },
      "One": {
        "Tag": "Disable",
        "ToolTip": "Minimiert alle anderen Fenster, wenn die Titelleiste eines Fensters gegriffen und geschüttelt wird."
      }
    }
  },
  {
    "Region": "UI & Personalization",
    "Function": "Cursors",
    "Arg": {
      "Zero": {
        "Tag": "Default",
        "ToolTip": "Standard-Cursor einstellen."
      },
      "One": {
        "Tag": "Light",
        "ToolTip": "Lädt und installiert die kostenlosen leichten \"Windows 11 Cursors Concept v2\" Cursors von Jepri Creations."
      },
      "Two": {
        "Tag": "Dark",
        "ToolTip": "Lädt und installiert die kostenlosen dunklen \"Windows 11 Cursors Concept v2\" Cursors von Jepri Creations."
      }
    }
  },
  {
    "Region": "UI & Personalization",
    "Function": "FolderGroupBy",
    "Arg": {
      "Zero": {
        "Tag": "None",
        "ToolTip": "Gruppieren Sie keine Dateien und Ordner im Ordner \"Downloads\"."
      },
      "One": {
        "Tag": "Default",
        "ToolTip": "Gruppieren Sie Dateien und Ordner im Ordner \"Downloads\" nach \"Änderungsdatum\"."
      }
    }
  },
  {
    "Region": "UI & Personalization",
    "Function": "NavigationPaneExpand",
    "Arg": {
      "Zero": {
        "Tag": "Disable",
        "ToolTip": "Den Navigatiosbereich des Explorers(Linker Abschnitt) nicht auf den aktuellen Ordner erweitern (Standardeinstellung)."
      },
      "One": {
        "Tag": "Enable",
        "ToolTip": "Der Navigationsbereich des Explorers(Linker Abschnitt) wird auf den aktuellen Ordner erweitert."
      }
    }
  },
  {
    "Region": "UI & Personalization",
    "Function": "HideRecommendedSection",
    "Arg": {
      "Zero": {
        "Tag": "Enable",
        "ToolTip": "Entfernen Sie den Abschnitt Empfohlen im Startmenü."
      },
      "One": {
        "Tag": "Disable",
        "ToolTip": "Entfernen Sie nicht den Abschnitt Empfohlen im Startmenü (Standardeinstellung)."
      }
    }
  },
  {
    "Region": "OneDrive",
    "Function": "OneDrive",
    "Arg": {
      "Zero": {
        "Tag": "Uninstall",
        "ToolTip": "OneDrive deinstallieren. Der OneDrive-Benutzerordner wird nicht entfernt."
      },
      "One": {
        "Tag": "Install",
        "ToolTip": "OneDrive 64-bit installieren."
      }
    }
  },
  {
    "Region": "OneDrive",
    "Function": "OneDrive -AllUsers",
    "Arg": {
      "Zero": {
        "Tag": "",
        "ToolTip": "Installieren Sie OneDrive 64-bit für alle Benutzer in %ProgramFiles%. Je nachdem welches Installationsprogramm ausgelöst wird, 64bit oder 32bit."
      }
    }
  },
  {
    "Region": "System",
    "Function": "StorageSense",
    "Arg": {
      "Zero": {
        "Tag": "Enable",
        "ToolTip": "Speicheroptimierung einschalten."
      },
      "One": {
        "Tag": "Disable",
        "ToolTip": "Speicheroptimierung ausschalten (Standardeinstellung)."
      }
    }
  },
  {
    "Region": "System",
    "Function": "StorageSenseFrequency",
    "Arg": {
      "Zero": {
        "Tag": "Month",
        "ToolTip": "Speicheroptimierung einmal im Monat ausführen."
      },
      "One": {
        "Tag": "Default",
        "ToolTip": "Speicheroptimierung bei geringem freien Speicherplatz ausführen (Standardeinstellung)."
      }
    }
  },
  {
    "Region": "System",
    "Function": "StorageSenseTempFiles",
    "Arg": {
      "Zero": {
        "Tag": "Enable",
        "ToolTip": "Temporäre Dateien löschen, die von Anwendungen nicht verwendet werden (Standardeinstellung)."
      },
      "One": {
        "Tag": "Disable",
        "ToolTip": "Lösche keine temporären Dateien, die von Anwendungen nicht verwendet werden."
      }
    }
  },
  {
    "Region": "System",
    "Function": "Hibernation",
    "Arg": {
      "Zero": {
        "Tag": "Disable",
        "ToolTip": "Deaktiviert den Ruhezustand. Es wird nicht empfohlen, die Funktion für Laptops zu deaktivieren."
      },
      "One": {
        "Tag": "Enable",
        "ToolTip": "Ruhezustand einschalten (Standardeinstellung)."
      }
    }
  },
  {
    "Region": "System",
    "Function": "Win32LongPathLimit",
    "Arg": {
      "Zero": {
        "Tag": "Disable",
        "ToolTip": "Deaktiviert die Windows-Pfadbegrenzung auf 260 Zeichen."
      },
      "One": {
        "Tag": "Enable",
        "ToolTip": "Aktiviert die Windows-Pfadbegrenzung auf 260 Zeichen (Standardeinstellung)."
      }
    }
  },
  {
    "Region": "System",
    "Function": "BSoDStopError",
    "Arg": {
      "Zero": {
        "Tag": "Enable",
        "ToolTip": "Anzeige der Stop-Fehlerinformationen auf dem BSoD."
      },
      "One": {
        "Tag": "Disable",
        "ToolTip": "Keine Anzeige der Stop-Fehler-Informationen in der BSoD (Standardeinstellung)."
      }
    }
  },
  {
    "Region": "System",
    "Function": "AdminApprovalMode",
    "Arg": {
      "Zero": {
        "Tag": "Never",
        "ToolTip": "Wählen Sie, wann Sie über Änderungen an Ihrem Computer benachrichtigt werden möchten: nie benachrichtigen."
      },
      "One": {
        "Tag": "Default",
        "ToolTip": "Wählen Sie, wann Sie über Änderungen an Ihrem Computer benachrichtigt werden möchten: Nur benachrichtigen, wenn Anwendungen versuchen, Änderungen an meinem Computer vorzunehmen (Standardeinstellung)."
      }
    }
  },
  {
    "Region": "System",
    "Function": "DeliveryOptimization",
    "Arg": {
      "Zero": {
        "Tag": "Disable",
        "ToolTip": "Zustellungsoptimierung ausschalten."
      },
      "One": {
        "Tag": "Enable",
        "ToolTip": "Zustellungsoptimierung einschalten (Standardeinstellung)."
      }
    }
  },
  {
    "Region": "System",
    "Function": "WindowsManageDefaultPrinter",
    "Arg": {
      "Zero": {
        "Tag": "Disable",
        "ToolTip": "Standarddrucker nicht von Windows verwalten lassen."
      },
      "One": {
        "Tag": "Enable",
        "ToolTip": "Windows meinen Standarddrucker verwalten lassen (Standardeinstellung)."
      }
    }
  },
  {
    "Region": "System",
    "Function": "WindowsFeatures",
    "Arg": {
      "Zero": {
        "Tag": "Disable",
        "ToolTip": "Deaktivieren Sie die Windows-Funktionen über das Popup-Dialogfeld."
      },
      "One": {
        "Tag": "Enable",
        "ToolTip": "Aktivieren Sie die Windows-Funktionen über das Popup-Dialogfeld (Standardeinstellung)."
      }
    }
  },
  {
    "Region": "System",
    "Function": "WindowsCapabilities",
    "Arg": {
      "Zero": {
        "Tag": "Uninstall",
        "ToolTip": "Deinstalliert optionale Funktionen über das Pop-up-Dialogfeld."
      },
      "One": {
        "Tag": "Install",
        "ToolTip": "Optionale Funktionen über das Popup-Dialogfeld installieren (Standardeinstellung)."
      }
    }
  },
  {
    "Region": "System",
    "Function": "UpdateMicrosoftProducts",
    "Arg": {
      "Zero": {
        "Tag": "Enable",
        "ToolTip": "Erlaubt das Empfangen von Updates für andere Microsoft-Produkte beim Aktualisieren von Windows."
      },
      "One": {
        "Tag": "Disable",
        "ToolTip": "Erlaubt nicht das Empfangen von Updates für andere Microsoft-Produkte beim Aktualisieren von Windows (Standardeinstellung)."
      }
    }
  },
  {
    "Region": "System",
    "Function": "RestartNotification",
    "Arg": {
      "Zero": {
        "Tag": "Show",
        "ToolTip": "Eine Benachrichtigung anzeigen, wenn Ihr PC neu gestartet werden muss, um die Aktualisierung abzuschließen."
      },
      "One": {
        "Tag": "Hide",
        "ToolTip": "Keine Benachrichtigung anzeigen, wenn Ihr PC neu gestartet werden muss, um die Aktualisierung abzuschließen (Standardeinstellung)."
      }
    }
  },
  {
    "Region": "System",
    "Function": "RestartDeviceAfterUpdate",
    "Arg": {
      "Zero": {
        "Tag": "Enable",
        "ToolTip": "Starten Sie das Gerät so bald wie möglich neu, wenn ein Neustart erforderlich ist, um ein Update zu installieren."
      },
      "One": {
        "Tag": "Disable",
        "ToolTip": "Dieses Gerät nicht so schnell wie möglich neu starten, wenn ein Neustart erforderlich ist, um ein Update zu installieren (Standardeinstellung)."
      }
    }
  },
  {
    "Region": "System",
    "Function": "ActiveHours",
    "Arg": {
      "Zero": {
        "Tag": "Automatically",
        "ToolTip": "Automatische Anpassung der aktiven Stunden auf der Grundlage der täglichen Nutzung."
      },
      "One": {
        "Tag": "Manually",
        "ToolTip": "Manuelle Anpassung der aktiven Stunden für mich auf der Grundlage der täglichen Nutzung (Standardeinstellung)."
      }
    }
  },
  {
    "Region": "System",
    "Function": "WindowsLatestUpdate",
    "Arg": {
      "Zero": {
        "Tag": "Disable",
        "ToolTip": "Holen Sie sich keine Windows-Updates, sobald sie für Ihr Gerät verfügbar sind (Standardeinstellung)."
      },
      "One": {
        "Tag": "Enable",
        "ToolTip": "Holen Sie sich Windows-Updates, sobald sie für Ihr Gerät verfügbar sind."
      }
    }
  },
  {
    "Region": "System",
    "Function": "PowerPlan",
    "Arg": {
      "Zero": {
        "Tag": "High",
        "ToolTip": "Stellt den Energiesparplan auf \"Hohe Leistung\" ein. Es wird nicht empfohlen, sie für Laptops einzuschalten."
      },
      "One": {
        "Tag": "Balanced",
        "ToolTip": "Einstellen des Energiesparplans auf \"Ausgeglichen\" (Standardeinstellung)."
      }
    }
  },
  {
    "Region": "System",
    "Function": "NetworkAdaptersSavePower",
    "Arg": {
      "Zero": {
        "Tag": "Disable",
        "ToolTip": "Erlauben Sie dem Computer nicht, die Netzwerkadapter auszuschalten, um Strom zu sparen. Es wird nicht empfohlen, die Funktion für Laptops zu deaktivieren."
      },
      "One": {
        "Tag": "Enable",
        "ToolTip": "Dem Computer erlauben, die Netzwerkadapter auszuschalten, um Strom zu sparen (Standardeinstellung)."
      }
    }
  },
  {
    "Region": "System",
    "Function": "InputMethod",
    "Arg": {
      "Zero": {
        "Tag": "English",
        "ToolTip": "Überschreiben Sie die Standard-Eingabemethode: Englisch."
      },
      "One": {
        "Tag": "Default",
        "ToolTip": "Überschreibung für Standard-Eingabemethode: Sprachliste verwenden (Standardeinstellung)."
      }
    }
  },
  {
    "Region": "System",
    "Function": "Set-UserShellFolderLocation",
    "Arg": {
      "Zero": {
        "Tag": "Root",
        "ToolTip": "Verschieben Sie Benutzerordner über das interaktive Menü in das Stammverzeichnis eines beliebigen Laufwerks. Benutzerdateien oder -ordner können nicht an einen neuen Speicherort verschoben werden. Verschieben Sie sie manuell. Sie befinden sich standardmäßig in dem Ordner %USERPROFILE%."
      },
      "One": {
        "Tag": "Custom",
        "ToolTip": "Wählen Sie  den Ordner für Benutzerordner manuell über einen Ordner-Browser-Dialog aus. Benutzerdateien oder -ordner werden nicht an einen neuen Speicherort verschoben. Verschieben Sie sie manuell. Sie befinden sich standardmäßig in dem Ordner %USERPROFILE%."
      },
      "Two": {
        "Tag": "Default",
        "ToolTip": "Ändern Sie den Speicherort von Benutzerordnern auf die Standardeinstellungen. Benutzerdateien oder -ordner lassen sich nicht an einen neuen Speicherort verschieben. Verschieben Sie sie manuell. Sie befinden sich standardmäßig im Ordner %USERPROFILE% (Standardeinstellung)."
      }
    }
  },
  {
    "Region": "System",
    "Function": "LatestInstalled.NET",
    "Arg": {
      "Zero": {
        "Tag": "Enable",
        "ToolTip": "Verwenden Sie die neueste installierte .NET-Laufzeitumgebung für alle Anwendungen."
      },
      "One": {
        "Tag": "Disable",
        "ToolTip": "Die zuletzt installierte .NET-Laufzeitumgebung nicht für alle Anwendungen verwenden (Standardeinstellung)."
      }
    }
  },
  {
    "Region": "System",
    "Function": "WinPrtScrFolder",
    "Arg": {
      "Zero": {
        "Tag": "Desktop",
        "ToolTip": "Speichern von Screenshots durch Drücken von Windows-Taste+\"druck\"-Taste auf dem Desktop."
      },
      "One": {
        "Tag": "Default",
        "ToolTip": "Speichern von Screenshots durch Drücken von Windows-Taste+\"druck\"-Taste im Ordner Bilder (Standardeinstellung)."
      }
    }
  },
  {
    "Region": "System",
    "Function": "RecommendedTroubleshooting",
    "Arg": {
      "Zero": {
        "Tag": "Automatically",
        "ToolTip": "Fehlerbehebung automatisch ausführen, dann benachrichtigen. Damit diese Funktion funktioniert, wird die Betriebssystemebene der Diagnosedatenerfassung auf \"Optionale Diagnosedaten\" gesetzt und die Fehlerberichtsfunktion wird aktiviert."
      },
      "One": {
        "Tag": "Default",
        "ToolTip": "Fragen Sie mich, bevor Sie Troubleshooter ausführen. Damit diese Funktion funktioniert, muss die Betriebssystemebene der Diagnosedatenerfassung auf \"Optionale Diagnosedaten\" eingestellt und die Fehlerberichtsfunktion aktiviert werden (Standardeinstellung)."
      }
    }
  },
  {
    "Region": "System",
    "Function": "FoldersLaunchSeparateProcess",
    "Arg": {
      "Zero": {
        "Tag": "Enable",
        "ToolTip": "Explorer in einem separaten Prozess starten."
      },
      "One": {
        "Tag": "Disable",
        "ToolTip": "Explorer nicht in einem separaten Prozess starten (Standardeinstellung)."
      }
    }
  },
  {
    "Region": "System",
    "Function": "ReservedStorage",
    "Arg": {
      "Zero": {
        "Tag": "Disable",
        "ToolTip": "Deaktivieren und Löschen des reservierten Speichers nach der nächsten Update-Installation."
      },
      "One": {
        "Tag": "Enable",
        "ToolTip": "Reservierten Speicher aktivieren (Standardeinstellung)."
      }
    }
  },
  {
    "Region": "System",
    "Function": "F1HelpPage",
    "Arg": {
      "Zero": {
        "Tag": "Disable",
        "ToolTip": "Hilfe-Suche über F1 deaktivieren."
      },
      "One": {
        "Tag": "Enable",
        "ToolTip": "Hilfesuche über F1 aktivieren (Standardeinstellung)."
      }
    }
  },
  {
    "Region": "System",
    "Function": "NumLock",
    "Arg": {
      "Zero": {
        "Tag": "Enable",
        "ToolTip": "Num Lock beim Starten aktivieren."
      },
      "One": {
        "Tag": "Disable",
        "ToolTip": "Num Lock beim Starten deaktivieren (Standardeinstellung)."
      }
    }
  },
  {
    "Region": "System",
    "Function": "CapsLock",
    "Arg": {
      "Zero": {
        "Tag": "Disable",
        "ToolTip": "Feststelltaste deaktivieren."
      },
      "One": {
        "Tag": "Enable",
        "ToolTip": "Feststelltaste einschalten (Standardeinstellung)."
      }
    }
  },
  {
    "Region": "System",
    "Function": "StickyShift",
    "Arg": {
      "Zero": {
        "Tag": "Disable",
        "ToolTip": "Ausschalten durch 5-maliges Drücken der Umschalttaste, um Sticky Keys einzuschalten."
      },
      "One": {
        "Tag": "Enable",
        "ToolTip": "Aktivieren Sie das 5-malige Drücken der Umschalttaste, um Sticky Keys zu aktivieren (Standardeinstellung)."
      }
    }
  },
  {
    "Region": "System",
    "Function": "Autoplay",
    "Arg": {
      "Zero": {
        "Tag": "Disable",
        "ToolTip": "Verwendet die \"Automatische Wiedergabe\" für alle Medien und Geräte - nicht."
      },
      "One": {
        "Tag": "Enable",
        "ToolTip": "\"Automatische Wiedergabe\" für alle Medien und Geräte verwenden (Standardeinstellung)."
      }
    }
  },
  {
    "Region": "System",
    "Function": "ThumbnailCacheRemoval",
    "Arg": {
      "Zero": {
        "Tag": "Disable",
        "ToolTip": "Entfernen des Thumbnail-Cache deaktivieren."
      },
      "One": {
        "Tag": "Enable",
        "ToolTip": "Entfernen des Thumbnail-Cache aktivieren (Standardeinstellung)."
      }
    }
  },
  {
    "Region": "System",
    "Function": "SaveRestartableApps",
    "Arg": {
      "Zero": {
        "Tag": "Enable",
        "ToolTip": "Aktivieren Sie die automatische Speicherung meiner neu zu startenden Anwendungen beim Abmelden und starten Sie sie nach dem Anmelden neu."
      },
      "One": {
        "Tag": "Disable",
        "ToolTip": "Deaktivieren Sie das automatische Speichern meiner neu zu startenden Anwendungen beim Abmelden und starten Sie sie neu, nachdem Sie sich angemeldet haben (Standardeinstellung)."
      }
    }
  },
  {
    "Region": "System",
    "Function": "NetworkDiscovery",
    "Arg": {
      "Zero": {
        "Tag": "Enable",
        "ToolTip": "Aktiviert die \"Netzwerkerkennung\" und \"Datei- und Druckerfreigabe\" für Arbeitsgruppennetzwerke."
      },
      "One": {
        "Tag": "Disable",
        "ToolTip": "Deaktiviert die \"Netzwerkerkennung\" und \"Datei- und Druckerfreigabe\" für Arbeitsgruppennetzwerke (Standardeinstellung)."
      }
    }
  },
  {
    "Region": "System",
    "Function": "Set-Association",
    "Arg": {
      "Zero": {
        "Tag": "",
        "ToolTip": "Registrieren Sie die App, berechnen Sie den Hash und verknüpfen Sie sie mit einer Erweiterung, wobei das Popup 'Wie möchten Sie diese öffnen?' ausgeblendet ist."
      },
      "One": {
        "Tag": "ProgramPath",
        "ToolTip": "Pfad zur ausführbaren Datei."
      },
      "Two": {
        "Tag": "Extension",
        "ToolTip": "Erweiterung."
      },
      "Three": {
        "Tag": "Icon",
        "ToolTip": "Pfad zum Symbol."
      }
    }
  },
  {
    "Region": "System",
    "Function": "Export-Associations",
    "Arg": {
      "Zero": {
        "Tag": "",
        "ToolTip": "Exportieren Sie alle Windows-Verknüpfungen in die Datei Application_Associations.json in den Skriptstammordner."
      }
    }
  },
  {
    "Region": "System",
    "Function": "Import-Associations",
    "Arg": {
      "Zero": {
        "Tag": "",
        "ToolTip": "Importieren Sie alle Windows-Zuordnungen aus einer JSON-Datei. Sie müssen alle Anwendungen gemäß der exportierten JSON-Datei installieren, um alle Zuordnungen wiederherzustellen."
      }
    }
  },
  {
    "Region": "System",
    "Function": "DefaultTerminalApp",
    "Arg": {
      "Zero": {
        "Tag": "WindowsTerminal",
        "ToolTip": "Windows Terminalvorschau als Standard-Terminalanwendung festlegen, um die Benutzeroberfläche für Befehlszeilenanwendungen bereitzustellen."
      },
      "One": {
        "Tag": "ConsoleHost",
        "ToolTip": "Windows Console Host als Standardterminalanwendung festlegen, um die Benutzeroberfläche für Befehlszeilenanwendungen zu hosten (Standardeinstellung)."
      }
    }
  },
  {
    "Region": "System",
    "Function": "InstallVCRedist",
    "Arg": {
      "Zero": {
        "Tag": "",
        "ToolTip": "Installieren Sie die neueste unterstützte Microsoft Visual C++ Redistributable 2015–2022 x64."
      }
    }
  },
  {
    "Region": "System",
    "Function": "InstallDotNetRuntimes -Runtimes",
    "ToolTip": "Installieren Sie die neueste .NET Desktop Runtime 6, 8 x64.",
    "Arg": {
      "Zero": {
        "Tag": "NET6x64",
        "ToolTip": ".NET Desktop Runtime 6 x64."
      },
      "One": {
        "Tag": "NET8x64",
        "ToolTip": ".NET Desktop Runtime 8 x64."
      }
    }
  },
  {
    "Region": "System",
    "Function": "RKNBypass",
    "Arg": {
      "Zero": {
        "Tag": "Enable",
        "ToolTip": "Aktivieren Sie das Proxying nur für gesperrte Websites aus der einheitlichen Registrierung von Roskomnadzor. Die Funktion ist nur für Russland anwendbar."
      },
      "One": {
        "Tag": "Disable",
        "ToolTip": "Deaktivieren Sie das Proxying nur für gesperrte Websites aus dem einheitlichen Register von Roskomnadzor (Standardeinstellung)."
      }
    }
  },
  {
    "Region": "System",
    "Function": "PreventEdgeShortcutCreation",
    "Arg": {
      "Zero": {
        "Tag": "Channels",
        "ToolTip": "Microsoft Edge-Kanäle auflisten, um die Erstellung von Desktop-Verknüpfungen bei der Aktualisierung zu verhindern."
      },
      "One": {
        "Tag": "Disable",
        "ToolTip": "Verhindern Sie nicht die Erstellung von Desktop-Verknüpfungen beim Update von Microsoft Edge (Standardeinstellung)."
      }
    }
  },
  {
    "Region": "System",
    "Function": "SATADrivesRemovableMedia",
    "Arg": {
      "Zero": {
        "Tag": "Disable",
        "ToolTip": "Verhindern, dass alle internen SATA-Laufwerke im Infobereich der Taskleiste als Wechselmedien angezeigt werden."
      },
      "One": {
        "Tag": "Default",
        "ToolTip": "Anzeige aller internen SATA-Laufwerke als entfernbare Medien im Infobereich der Taskleiste (Standardeinstellung)."
      }
    }
  },
  {
    "Region": "System",
    "Function": "RegistryBackup",
    "Arg": {
      "Zero": {
        "Tag": "Enable",
        "ToolTip": "Sichern Sie die Systemregistrierung im Ordner %SystemRoot%\\System32\\config\\RegBack, wenn der PC neu gestartet wird, und erstellen Sie ein RegIdleBackup in der Taskplaner-Aufgabe, um nachfolgende Sicherungen zu verwalten."
      },
      "One": {
        "Tag": "Disable",
        "ToolTip": "Sichern Sie die Systemregistrierung nicht im Ordner %SystemRoot%\\System32\\config\\RegBack (Standardeinstellung)."
      }
    }
  },
  {
    "Region": "WSL",
    "Function": "Install-WSL",
    "Arg": {
      "Zero": {
        "Tag": "",
        "ToolTip": "Aktiviert das Windows Subsystem für Linux (WSL), installiert die neueste Version des WSL-Linux-Kernels und eine Linux-Distribution über ein Popup-Formular. Die Einstellung \"Updates für andere Microsoft-Produkte empfangen\" wird automatisch aktiviert, um Kernel-Updates zu erhalten."
      }
    }
  },
  {
    "Region": "Start menu",
    "Function": "StartLayout",
    "Arg": {
      "Zero": {
        "Tag": "Default",
        "ToolTip": "Standard-Startlayout anzeigen (Standardeinstellung)."
      },
      "One": {
        "Tag": "ShowMorePins",
        "ToolTip": "Mehr Pins auf Start anzeigen."
      },
      "Two": {
        "Tag": "ShowMoreRecommendations",
        "ToolTip": "Weitere Empfehlungen auf Start anzeigen."
      }
    }
  },
  {
    "Region": "UWP apps",
    "Function": "UninstallUWPApps",
    "Arg": {
      "Zero": {
        "Tag": "",
        "ToolTip": "Deinstallation von UWP-Anwendungen über das Pop-up-Dialogfeld."
      }
    }
  },
  {
    "Region": "UWP apps",
    "Function": "UninstallUWPApps -ForAllUsers",
    "Arg": {
      "Zero": {
        "Tag": "",
        "ToolTip": "Deinstalliert UWP-Anwendungen über das Popup-Dialogfeld. Wenn das Argument \"Für alle Benutzer\" aktiviert ist, werden die Anwendungspakete für neue Benutzer nicht installiert. Das Argument \"Für alle Benutzer\" aktiviert ein Kontrollkästchen, um Pakete für alle Benutzer zu deinstallieren."
      }
    }
  },
  {
    "Region": "UWP apps",
    "Function": "CortanaAutostart",
    "Arg": {
      "Zero": {
        "Tag": "Disable",
        "ToolTip": "Autostart von Cortana deaktivieren."
      },
      "One": {
        "Tag": "Enable",
        "ToolTip": "Autostart von Cortana aktivieren (Standardeinstellung)."
      }
    }
  },
  {
    "Region": "UWP apps",
    "Function": "TeamsAutostart",
    "Arg": {
      "Zero": {
        "Tag": "Disable",
        "ToolTip": "Microsoft Teams-Autostart deaktivieren."
      },
      "One": {
        "Tag": "Enable",
        "ToolTip": "Microsoft Teams-Autostart aktivieren (Standardeinstellung)."
      }
    }
  },
  {
    "Region": "Gaming",
    "Function": "XboxGameBar",
    "Arg": {
      "Zero": {
        "Tag": "Disable",
        "ToolTip": "Xbox Game Bar deaktivieren. Um zu verhindern, dass die Warnung \"Sie benötigen eine neue App, um dieses ms-gamingoverlay zu öffnen\" angezeigt wird, müssen Sie die Xbox Game Bar App deaktivieren, auch wenn Sie sie zuvor deinstalliert haben."
      },
      "One": {
        "Tag": "Enable",
        "ToolTip": "Xbox Game Bar aktivieren (Standardeinstellung)."
      }
    }
  },
  {
    "Region": "Gaming",
    "Function": "XboxGameTips",
    "Arg": {
      "Zero": {
        "Tag": "Disable",
        "ToolTip": "Deaktivieren der Xbox Game Bar Tipps."
      },
      "One": {
        "Tag": "Enable",
        "ToolTip": "Xbox Game Bar-Tipps aktivieren (Standardeinstellung)."
      }
    }
  },
  {
    "Region": "Gaming",
    "Function": "Set-AppGraphicsPerformance",
    "Arg": {
      "Zero": {
        "Tag": "",
        "ToolTip": "Wählen Sie eine Anwendung aus und stellen Sie für diese die \"Hohe Leistung\" für die Grafikleistung ein. Nur mit einer dedizierten GPU."
      }
    }
  },
  {
    "Region": "Gaming",
    "Function": "GPUScheduling",
    "Arg": {
      "Zero": {
        "Tag": "Enable",
        "ToolTip": "Aktiviert die hardwarebeschleunigte GPU-Planung. Ein Neustart ist erforderlich. Nur mit einem dedizierten Grafikprozessor und einer WDDM-Version von 2.7 oder höher."
      },
      "One": {
        "Tag": "Disable",
        "ToolTip": "Deaktiviert die hardwarebeschleunigte GPU-Planung (Standardeinstellung). Ein Neustart ist erforderlich."
      }
    }
  },
  {
    "Region": "Scheduled tasks",
    "Function": "CleanupTask",
    "Arg": {
      "Zero": {
        "Tag": "Register",
        "ToolTip": "Erstellt eine geplante Aufgabe \"Windows Cleanup\", um nicht verwendete Windows-Dateien und Updates zu bereinigen. Alle 30 Tage wird eine interaktive Toast-Benachrichtigung angezeigt. Die Aufgabe wird alle 30 Tage ausgeführt."
      },
      "One": {
        "Tag": "Delete",
        "ToolTip": "Löscht geplante Aufgaben \"Windows-Bereinigung\" und \"Windows-Bereinigungsbenachrichtigung\", um nicht verwendeten Windows-Dateien und Updates zu bereinigen."
      }
    }
  },
  {
    "Region": "Scheduled tasks",
    "Function": "SoftwareDistributionTask",
    "Arg": {
      "Zero": {
        "Tag": "Register",
        "ToolTip": "Erstellt eine geplante Aufgabe \"SoftwareDistribution\", um den Ordner \"%SystemRoot%\\SoftwareDistribution\\Download\" zu bereinigen. Die Aufgabe wartet, bis der Windows-Update-Dienst seine Ausführung beendet hat. Die Aufgabe wird alle 90 Tage ausgeführt."
      },
      "One": {
        "Tag": "Delete",
        "ToolTip": "Löscht die geplante Aufgabe \"SoftwareDistribution\", um den Ordner \"%SystemRoot%\\SoftwareDistribution\\Download\" zu bereinigen."
      }
    }
  },
  {
    "Region": "Scheduled tasks",
    "Function": "TempTask",
    "Arg": {
      "Zero": {
        "Tag": "Register",
        "ToolTip": "Erstellt eine geplante Aufgabe \"Temp\", um den Ordner %TEMP% zu bereinigen. Die Aufgabe wird alle 60 Tage ausgeführt."
      },
      "One": {
        "Tag": "Delete",
        "ToolTip": "Löscht die geplante Aufgabe \"Temp\", um den Ordner %TEMP% zu bereinigen."
      }
    }
  },
  {
    "Region": "Microsoft Defender & Security",
    "Function": "NetworkProtection",
    "Arg": {
      "Zero": {
        "Tag": "Enable",
        "ToolTip": "Netzwerkschutz von Microsoft Defender Exploit Guard aktivieren."
      },
      "One": {
        "Tag": "Disable",
        "ToolTip": "Netzwerkschutz von Microsoft Defender Exploit Guard deaktivieren (Standardeinstellung)."
      }
    }
  },
  {
    "Region": "Microsoft Defender & Security",
    "Function": "PUAppsDetection",
    "Arg": {
      "Zero": {
        "Tag": "Enable",
        "ToolTip": "Erkennung potenziell unerwünschter Apps aktivieren und diese blockieren."
      },
      "One": {
        "Tag": "Disable",
        "ToolTip": "Erkennung potenziell unerwünschter Apps deaktivieren und diese blockieren (Standardeinstellung)."
      }
    }
  },
  {
    "Region": "Microsoft Defender & Security",
    "Function": "DefenderSandbox",
    "Arg": {
      "Zero": {
        "Tag": "Enable",
        "ToolTip": "Aktiviert Sandboxing für Microsoft Defender."
      },
      "One": {
        "Tag": "Disable",
        "ToolTip": "Sandboxing für Microsoft Defender deaktivieren (Standardeinstellung)."
      }
    }
  },
  {
    "Region": "Microsoft Defender & Security",
    "Function": "DismissMSAccount",
    "Arg": {
      "Zero": {
        "Tag": "",
        "ToolTip": "Microsoft Defender-Angebot in der Windows-Sicherheit über die Anmeldung im Microsoft-Konto ablehnen."
      }
    }
  },
  {
    "Region": "Microsoft Defender & Security",
    "Function": "DismissSmartScreenFilter",
    "Arg": {
      "Zero": {
        "Tag": "",
        "ToolTip": "Microsoft Defender-Angebot in der Windows-Sicherheit über die Aktivierung des SmartScreen-Filters für Microsoft Edge ablehnen."
      }
    }
  },
  {
    "Region": "Microsoft Defender & Security",
    "Function": "EventViewerCustomView",
    "Arg": {
      "Zero": {
        "Tag": "Enable",
        "ToolTip": "Erstellt eine benutzerdefinierte Ansicht \"Prozesserstellung\", um ausgeführte Prozesse und ihre Argumente zu protokollieren."
      },
      "One": {
        "Tag": "Disable",
        "ToolTip": "Entfernt die Ereignisanzeige \"Prozesserstellung\", um ausgeführte Prozesse und ihre Argumente zu protokollieren (Standardeinstellung)."
      }
    }
  },
  {
    "Region": "Microsoft Defender & Security",
    "Function": "PowerShellModulesLogging",
    "Arg": {
      "Zero": {
        "Tag": "Enable",
        "ToolTip": "Aktiviert die Protokollierung für alle Windows PowerShell-Module."
      },
      "One": {
        "Tag": "Disable",
        "ToolTip": "Deaktiviert die Protokollierung für alle Windows PowerShell-Module (Standardeinstellung)."
      }
    }
  },
  {
    "Region": "Microsoft Defender & Security",
    "Function": "PowerShellScriptsLogging",
    "Arg": {
      "Zero": {
        "Tag": "Enable",
        "ToolTip": "Aktiviert die Protokollierung für alle PowerShell-Skripte, die in das Windows PowerShell-Ereignisprotokoll eingegeben werden."
      },
      "One": {
        "Tag": "Disable",
        "ToolTip": "Deaktiviert die Protokollierung für alle PowerShell-Skripte, die in das Windows PowerShell-Ereignisprotokoll eingegeben werden (Standardeinstellung)."
      }
    }
  },
  {
    "Region": "Microsoft Defender & Security",
    "Function": "AppsSmartScreen",
    "Arg": {
      "Zero": {
        "Tag": "Disable",
        "ToolTip": "Microsoft Defender SmartScreen markiert heruntergeladene Dateien aus dem Internet nicht als unsicher."
      },
      "One": {
        "Tag": "Enable",
        "ToolTip": "Microsoft Defender SmartScreen markiert aus dem Internet heruntergeladene Dateien als unsicher (Standardeinstellung)."
      }
    }
  },
  {
    "Region": "Microsoft Defender & Security",
    "Function": "SaveZoneInformation",
    "Arg": {
      "Zero": {
        "Tag": "Disable",
        "ToolTip": "Deaktiviert den \"Attachment Manager\", der Dateien, die aus dem Internet heruntergeladen wurden, als unsicher markiert."
      },
      "One": {
        "Tag": "Enable",
        "ToolTip": "Aktiviert den \"Attachment Manager\", der Dateien, die aus dem Internet heruntergeladen wurden, als unsicher markiert (Standardeinstellung."
      }
    }
  },
  {
    "Region": "Microsoft Defender & Security",
    "Function": "WindowsScriptHost",
    "Arg": {
      "Zero": {
        "Tag": "Disable",
        "ToolTip": "Windows Script Host deaktivieren. Sperrt WSH für die Ausführung von .js und .vbs Dateien."
      },
      "One": {
        "Tag": "Enable",
        "ToolTip": "Windows Script Host aktivieren (Standardeinstellung)."
      }
    }
  },
  {
    "Region": "Microsoft Defender & Security",
    "Function": "WindowsSandbox",
    "Arg": {
      "Zero": {
        "Tag": "Enable",
        "ToolTip": "Windows-Sandbox aktivieren."
      },
      "One": {
        "Tag": "Disable",
        "ToolTip": "Windows-Sandbox deaktivieren (Standardeinstellung)."
      }
    }
  },
  {
    "Region": "Microsoft Defender & Security",
    "Function": "DNSoverHTTPS",
    "Arg": {
      "Zero": {
        "Tag": "Enable",
        "ToolTip": "Aktiviert DNS-over-HTTPS für IPv4. Gültige IPv4-Adressen: 1.0.0.1, 1.1.1.1, 149.112.112.112, 8.8.4.4, 8.8.8.8, 9.9.9.91."
      },
      "One": {
        "Tag": "Disable",
        "ToolTip": "Deaktiviert DNS-over-HTTPS für IPv4 (Standardeinstellung)."
      }
    }
  },
  {
    "Region": "Microsoft Defender & Security",
    "Function": "LocalSecurityAuthority",
    "Arg": {
      "Zero": {
        "Tag": "Enable",
        "ToolTip": "Aktivieren Sie den Schutz der lokalen Sicherheitsbehörde, um Code-Injektion ohne UEFI-Sperre zu verhindern."
      },
      "One": {
        "Tag": "Disable",
        "ToolTip": "Deaktivieren Sie den Schutz der lokalen Sicherheitsbehörde ohne UEFI-Sperre (Standardeinstellung)."
      }
    }
  },
  {
    "Region": "Context menu",
    "Function": "MSIExtractContext",
    "Arg": {
      "Zero": {
        "Tag": "Show",
        "ToolTip": "Anzeigen der Option \"Alle extrahieren\" im Kontextmenü des Windows-Installationsprogramms (.msi)."
      },
      "One": {
        "Tag": "Hide",
        "ToolTip": "Ausblenden der Option \"Alle extrahieren\" im Kontextmenü des Windows Installers (.msi) (Standardeinstellung)."
      }
    }
  },
  {
    "Region": "Context menu",
    "Function": "CABInstallContext",
    "Arg": {
      "Zero": {
        "Tag": "Show",
        "ToolTip": "Eintrag \"Installieren\" im Kontextmenü der Cabinet (.cab)-Dateinamenerweiterungen anzeigen."
      },
      "One": {
        "Tag": "Hide",
        "ToolTip": "Eintrag \"Installieren\" im Kontextmenü der Cabinet (.cab)-Dateinamenerweiterungen ausblenden (Standardeinstellung)."
      }
    }
  },
  {
    "Region": "Context menu",
    "Function": "EditWithClipchampContext",
    "Arg": {
      "Zero": {
        "Tag": "Hide",
        "ToolTip": "Eintrag \"Mit Clipchamp bearbeiten\" im Kontextmenü ausblenden."
      },
      "One": {
        "Tag": "Show",
        "ToolTip": "Eintrag \"Mit Clipchamp bearbeiten\" im Kontextmenü anzeigen (Standardeinstellung)."
      }
    }
  },
  {
    "Region": "Context menu",
    "Function": "EditWithPhotosContext",
    "Arg": {
      "Zero": {
        "Tag": "Hide",
        "ToolTip": "Eintrag \"Mit Fotos bearbeiten\" im Kontextmenü ausblenden."
      },
      "One": {
        "Tag": "Show",
        "ToolTip": "Eintrag \"Mit Fotos bearbeiten\" im Kontextmenü anzeigen (Standardeinstellung)."
      }
    }
  },
  {
    "Region": "Context menu",
    "Function": "PrintCMDContext",
    "Arg": {
      "Zero": {
        "Tag": "Hide",
        "ToolTip": "Ausblenden des Eintrags \"Drucken\" im Kontextmenü von .bat und .cmd."
      },
      "One": {
        "Tag": "Show",
        "ToolTip": "Den Eintrag \"Drucken\" im Kontextmenü von .bat und .cmd anzeigen (Standardeinstellung)."
      }
    }
  },
  {
    "Region": "Context menu",
    "Function": "CompressedFolderNewContext",
    "Arg": {
      "Zero": {
        "Tag": "Hide",
        "ToolTip": "Den Eintrag \"Komprimierter ZIP-Ordner\" \"Neu\" im Kontextmenü ausblenden."
      },
      "One": {
        "Tag": "Show",
        "ToolTip": "Den Eintrag \"Komprimierter (zip) Ordner\" \"Neu\" im Kontextmenü anzeigen (Standardeinstellung)."
      }
    }
  },
  {
    "Region": "Context menu",
    "Function": "MultipleInvokeContext",
    "Arg": {
      "Zero": {
        "Tag": "Enable",
        "ToolTip": "Aktiviert die Kontextmenüelemente \"Öffnen\", \"Drucken\" und \"Bearbeiten\" für mehr als 15 ausgewählte Elemente."
      },
      "One": {
        "Tag": "Disable",
        "ToolTip": "Deaktiviert die Kontextmenüelemente \"Öffnen\", \"Drucken\" und \"Bearbeiten\" für mehr als 15 ausgewählte Elemente (Standardeinstellung)."
      }
    }
  },
  {
    "Region": "Context menu",
    "Function": "UseStoreOpenWith",
    "Arg": {
      "Zero": {
        "Tag": "Hide",
        "ToolTip": "Den Punkt \"Nach einer App im Microsoft Store suchen\" im Dialogfeld \"Öffnen mit\" ausblenden."
      },
      "One": {
        "Tag": "Show",
        "ToolTip": "Den Punkt \"Nach einer App im Microsoft Store suchen\" im Dialogfeld \"Öffnen mit\" anzeigen (Standardeinstellung)."
      }
    }
  },
  {
    "Region": "Context menu",
    "Function": "OpenWindowsTerminalContext",
    "Arg": {
      "Zero": {
        "Tag": "Hide",
        "ToolTip": "Menüoption \"In Windows Terminal öffnen\" im Kontextmenü von Ordnern ausblenden."
      },
      "One": {
        "Tag": "Show",
        "ToolTip": "Menüoption \"In Windows Terminal öffnen\" im Kontextmenü der Ordner anzeigen (Standardeinstellung)."
      }
    }
  },
  {
    "Region": "Context menu",
    "Function": "OpenWindowsTerminalAdminContext",
    "Arg": {
      "Zero": {
        "Tag": "Enable",
        "ToolTip": "Windows-Terminal im Kontextmenü standardmäßig als Administrator öffnen."
      },
      "One": {
        "Tag": "Disable",
        "ToolTip": "Windows-Terminal im Kontextmenü standardmäßig als Administrator nicht öffnen (Standardeinstellung)."
      }
    }
  },
  {
    "Region": "Update Policies",
    "Function": "UpdateLGPEPolicies",
    "Arg": {
      "Zero": {
        "Tag": "",
        "ToolTip": "Zeigt alle Richtlinien-Registrierungsschlüssel (auch manuell erstellte) im Snap-In Lokaler Gruppenrichtlinien-Editor (gpedit.msc) an. Dies kann bis zu 30 Minuten dauern, abhängig von der Anzahl der in der Registrierung erstellten Richtlinien und Ihren Systemressourcen."
      }
    }
  }
]