[
  {
    "Id": "Menu",
    "Options": {
      "menuImportExportPreset": "Импорт | экспорт",
      "menuImportPreset": "Импортировать пресет",
      "menuExportPreset": "Экспортировать пресет",
      "menuPresets": "Пресеты",
      "menuOpposite": "Противоположные значения",
      "menuClear": "Очистить",
      "menuTheme": "Тема",
      "menuThemeDark": "Тёмная",
      "menuThemeLight": "Светлая",
      "menuLanguage": "Язык",
      "menuAbout": "О программе"
    }
  },
  {
    "Id": "Tab",
    "Options": {
      "tabSearch": "Поиск",
      "tabSystemProtection": "Защита",
      "tabPrivacyTelemetry": "Конфиденциальность",
      "tabUIPersonalization": "Персонализация",
      "tabOneDrive": "OneDrive",
      "tabSystem": "Система",
      "tabWSL": "WSL",
      "tabStartMenu": "Меню \"Пуск\"",
      "tabUWP": "UWP-приложения",
      "tabGaming": "Игры",
      "tabScheduledTasks": "Планировщик заданий",
      "tabDefenderSecurity": "Defender и защита",
      "tabContextMenu": "Контекстное меню",
      "tabUpdatePolicies": "Обновление политик",
      "tabConsoleOutput": "Вывод консоли"
    }
  },
  {
    "Id": "Button",
    "Options": {
      "btnRefreshConsole": "Обновить консоль",
      "btnRunPowerShell": "Запустить PowerShell",
      "btnOpen": "Обзор",
      "btnSave": "Сохранить",
      "btnSearch": "Поиск",
      "btnClear": "Очистить"
    }
  },
  {
    "Id": "StatusBar",
    "Options": {
      "statusBarHover": "Наведите курсором на функции, чтобы увидеть подсказки по каждой опции",
      "statusBarPresetLoaded": "Модуль загружен!",
      "statusBarPresetNotComp": "Пресет не совместим!",
      "statusBarSophiaPreset": "Загружен пресет Sophia!",
      "statusBarWindowsDefaultPreset": "Загружен пресет по умолчанию!",
      "statusBarPowerShellScriptCreatedFromSelections": "Скрипт для PowerShell создан из ваших выбранных элементов. Можете запустить и сохранить его.",
      "statusBarPowerShellExport": "Скрипт для PowerShell создан!",
      "statusBarOpposite": "Выбраны обратные настройки!",
      "statusBarClear": "Выбранные элементы очищены!",
      "statusBarDisabled": "Импортируйте пресет, чтобы включить элементы управления.",
      "statusBarCurrentOS": "Текущая ОС"
    }
  },
  {
    "Id": "MessageBox",
    "Options": {
      "messageBoxNewWrapperFound": "Обнаружена новая версия Wrapper.\nОткрыть страницу GitHub?",
      "messageBoxNewSophiaFound": "Обнаружена новая версия Sophia Script.\nОткрыть страницу GitHub?",
      "messageBoxDoesNotExist": "не существует.",
      "messageBoxPresetNotComp": "Пресет не совместим!",
      "messageBoxFilesMissingClose": "Отсутствуют необходимые файлы Sophia Script Wrapper. Программа будет закрыта.",
      "messageBoxConsoleEmpty": "Консоль пуста.\nНажмите кнопку \"Обновить консоль\", чтобы создать скрипт согласно вышему выбору.",
      "messageBoxPowerShellVersionNotInstalled": "Выбранная вами версия PowerShell не установлена.",
      "messageBoxMaybeFilesNotUnzippedProperly": "Возможно, файлы не разархивированы должным образом."
    }
  },
  {
    "Id": "Other",
    "Options": {
      "textBlockSearchInfo": "Введите запрос в строку поиска, чтобы увидеть найденные результаты. При совпадении категории будут подсвечены красной рамкой. Совпадения по именам функций будут также подсвечены внутри категорий.",
      "textBlockSearchFound": "Количество найденных вариантов:"
    }
  }
]
